{"cameraMode":{"drawMode":0,"name":"Shaded","section":"Shading Mode"},"sceneLighting":false,"audioPlay":false,"sceneViewState":{"m_AlwaysRefresh":true,"showFog":true,"showSkybox":false,"showFlares":true,"showImageEffects":true,"showParticleSystems":true,"showVisualEffectGraphs":true,"m_FxEnabled":true},"in2DMode":false,"pivot":{"x":0.15425890684127809,"y":0.6905410885810852,"z":0.2480945885181427},"rotation":{"x":-0.21351324021816255,"y":-0.24557507038116456,"z":0.05515489727258682,"w":-0.9441533088684082},"size":0.7911014556884766,"orthographic":false}