{"cameraMode":{"drawMode":0,"name":"Shaded","section":"Shading Mode"},"sceneLighting":true,"audioPlay":false,"sceneViewState":{"m_AlwaysRefresh":true,"showFog":true,"showSkybox":true,"showFlares":true,"showImageEffects":true,"showParticleSystems":true,"showVisualEffectGraphs":true,"m_FxEnabled":true},"in2DMode":false,"pivot":{"x":45.700313568115237,"y":31.441274642944337,"z":-45.80949783325195},"rotation":{"x":-0.24278786778450013,"y":0.5926607847213745,"z":-0.19701804220676423,"w":-0.7423498034477234},"size":0.8660253882408142,"orthographic":false}