{"cameraMode":{"drawMode":0,"name":"Shaded","section":"Shading Mode"},"sceneLighting":true,"audioPlay":false,"sceneViewState":{"m_AlwaysRefresh":true,"showFog":true,"showSkybox":true,"showFlares":true,"showImageEffects":true,"showParticleSystems":true,"showVisualEffectGraphs":true,"m_FxEnabled":true},"in2DMode":false,"pivot":{"x":870.6825561523438,"y":100.1838150024414,"z":-147.13156127929688},"rotation":{"x":0.14396436512470246,"y":-0.18544408679008485,"z":0.028780441731214525,"w":0.9718566536903381},"size":186.20616149902345,"orthographic":false}