{"cameraMode":{"drawMode":0,"name":"Shaded","section":"Shading Mode"},"sceneLighting":true,"audioPlay":false,"sceneViewState":{"m_AlwaysRefresh":true,"showFog":true,"showSkybox":true,"showFlares":true,"showImageEffects":true,"showParticleSystems":true,"showVisualEffectGraphs":true,"m_FxEnabled":true},"in2DMode":false,"pivot":{"x":-156.04107666015626,"y":-226.4366455078125,"z":462.9219665527344},"rotation":{"x":-0.20249991118907929,"y":0.17015574872493745,"z":-0.038560207933187488,"w":-0.9637665152549744},"size":316.0426940917969,"orthographic":false}