{"cameraMode":{"drawMode":0,"name":"Shaded","section":"Shading Mode"},"sceneLighting":false,"audioPlay":false,"sceneViewState":{"m_AlwaysRefresh":true,"showFog":true,"showSkybox":false,"showFlares":true,"showImageEffects":true,"showParticleSystems":true,"showVisualEffectGraphs":true,"m_FxEnabled":true},"in2DMode":false,"pivot":{"x":-20.233097076416017,"y":0.6357781887054443,"z":-76.17123413085938},"rotation":{"x":-0.029685640707612039,"y":-0.9605892896652222,"z":0.2522923946380615,"w":-0.11415371298789978},"size":3.3026223182678224,"orthographic":false}