{"cameraMode":{"drawMode":0,"name":"Shaded","section":"Shading Mode"},"sceneLighting":false,"audioPlay":false,"sceneViewState":{"m_AlwaysRefresh":true,"showFog":true,"showSkybox":false,"showFlares":true,"showImageEffects":true,"showParticleSystems":true,"showVisualEffectGraphs":true,"m_FxEnabled":true},"in2DMode":false,"pivot":{"x":21.764476776123048,"y":2.2637553215026857,"z":-64.89041137695313},"rotation":{"x":0.31253179907798769,"y":-0.050743091851472858,"z":0.01764172688126564,"w":0.9486209750175476},"size":7.9169392585754398,"orthographic":false}