{"cameraMode":{"drawMode":0,"name":"Shaded","section":"Shading Mode"},"sceneLighting":false,"audioPlay":false,"sceneViewState":{"m_AlwaysRefresh":true,"showFog":true,"showSkybox":false,"showFlares":true,"showImageEffects":true,"showParticleSystems":true,"showVisualEffectGraphs":true,"m_FxEnabled":true},"in2DMode":false,"pivot":{"x":1.5854434967041016,"y":5.742146015167236,"z":-8.101346969604493},"rotation":{"x":-0.19144150614738465,"y":-0.008024659007787705,"z":-0.0011075676884502173,"w":-0.981663703918457},"size":15.482858657836914,"orthographic":false}