{"cameraMode":{"drawMode":0,"name":"Shaded","section":"Shading Mode"},"sceneLighting":false,"audioPlay":false,"sceneViewState":{"m_AlwaysRefresh":true,"showFog":true,"showSkybox":false,"showFlares":true,"showImageEffects":true,"showParticleSystems":true,"showVisualEffectGraphs":true,"m_FxEnabled":true},"in2DMode":false,"pivot":{"x":0.20893478393554688,"y":4.2198309898376469,"z":-0.2786588668823242},"rotation":{"x":-0.2887631356716156,"y":-0.2458559274673462,"z":0.07654175162315369,"w":-0.9223271608352661},"size":8.572160720825196,"orthographic":false}